{"uGN45jr/AJRKfS2u5le9Kw==":"aerial-image-2000x1331.jpg","F/TlDHDuRmYm/88KeaC8rA==":"spacex-81773-unsplash-2000x1333.jpg","cJIRrlw+qOpxQoi5aS0RNg==":"geoappsmith-logo-122x122.jpg","0GCzMje2tAXrqzLJrlNoWA==":"geoappsmith-logo-150x150.jpg","UAc7kepzJPkrSn4uqTRvmw==":"background4.jpg","CnveRkzJcRmkmxaFNuwVVg==":"godan-400x191.jpg","0xlN4TGu7fVLSKBZtLwypw==":"logo-luciad-350x150.png","mJPGsOWu6jK/2XWYgfcgDQ==":"chief-finance-officer-gis-336x448.jpg","FDDPqisJGVZ43dpcjacwxA==":"ceo-gis-306x306.jpg","20J6pQ9nj9ladV9U2RbKLA==":"chief-finance-officer-gis-1-336x448.jpg","XnJ6B46UgvDYlOzMxyjXxg==":"chief-finance-officer-gis-2-336x448.jpg","hffCxaSRhONXikqlg6Fgqg==":"chief-finance-officer-gis-3-336x448.jpg","YLpdxJJPTbpMH5EcNzGvdQ==":"chief-finance-officer-gis-4-336x448.jpg","37LBJu5a1t9yqbM1ftRd7A==":"aerial-view-891x500.jpg","kkJD7LlT1DH0ulUBbcYNDw==":"soulco-egypt-32415-1523350770-og-600x315.png","kECXpV4DYojiHSm7dyCyTg==":"josphat-gis-444x336.jpg","ZoSk1LHLwNQBfdpKg/RwYQ==":"134082_1559166146785_261592_o-427x336.jpg","7NIyqwNvov76/z9YSlGrlA==":"134082_1559166146785_261592_o-1-427x336.jpg","1GnCxMFwwjt6bZGt0/mbvA==":"chief-finance-officer-gis-5-336x448.jpg","rIAoQK2M3KrxCP+ouPNaKA==":"chief-finance-officer-gis-6-336x448.jpg","pD2AA9XKIX2bYQJij2fiHQ==":"ceo-gis-1-306x306.jpg","OtCwsx+ee/1uJuNOTt1W1Q==":"ceo-gis-2-306x306.jpg","KcFqATQ6q8ljm6I55MXmhw==":"ceo-gis-306x408.jpg","9CtSPCQqR5R1gLlsWM2Wvg==":"ceo-gis-1-306x408.jpg","4XgyxySvVagruu/N8qnhdg==":"ceo-gis-2-306x408.jpg","2DX90GtmgAqN6FrvT9q3gg==":"ceo-gis-3-306x408.jpg","GVF6AMxlK/jUSPzdH0irxQ==":"download-230x219.jpg","6Rn1vd7lHzhb9/FDifau1A==":"dsw-logo-300x150.png","d87y6DuH4vxgefhnhZ2aqA==":"city-aerial-photo-889x500.jpg","HT0nq3UbaWhWYAyYOSCUJQ==":"giphy.gif","hsG9YJqDNQ9MTbNFGiEKtA==":"giphy%20(1).gif","2DX1+PaEjLlsxQjm18mwNQ==":"spacex-81773-unsplash-1-2000x1333.jpg","jLExheTFnHiRos9LapNUIw==":"giphy-1.gif","dzJwhtdTaXwO6N0h5emrWw==":"lisi-pic-160x160.jpg","pQikxt/UD9cpZOvMQsgx4w==":"arnold_schwarzenegger-300x382.jpg","4A7soKAp9uGHvn/QT4lh2A==":"200.webp","wJRODOVubum/DiYdiTu8iQ==":"dsw-youths-448x336.jpg","GjQwb3/qkUdsIlpg/Smd0g==":"20190808-163539-422x336.jpg","PikARIKt0SfrcIbUcH3qxA==":"20190808-163540-422x336.jpg","mO+lSZE10NTqFJch38L6IA==":"dsw-youths-1-448x336.jpg","bYweRgd0oKmrdt4wJXnf1A==":"dsw-youths-2-448x336.jpg","t10tIyamV9ZePOpnhKVrdQ==":"20190808-163541-422x336.jpg","0TQNAlF/+50tQSxxEWtJew==":"sdg15_degradationfinal-336x448.jpg","LGVBZLxn5oL7+iEr3OdSkg==":"sdg15_degradationfinal-1-336x448.jpg","rIxkMGgMj7sazbvC/PwoLQ==":"sdg15_degradationfinal-2-336x448.jpg","+GSVianPM4f0lZ8RiRrUdw==":"sdg15_degradationfinal-3-336x448.jpg","ngzql0nBMuL53J/nZFqLVw==":"sdg15_degradationfinal-4-336x448.jpg","467CkL0IhYANw2i3+u4y0g==":"map-750x500.jpg","FZ9cjNEJ52x/T3NaTWnOjQ==":"iucn-drylands-448x336.jpg","8FlX8LZuO2ZI/zUM5fRznA==":"iucn-drylands-1-448x336.jpg","88M098zlXQmxhOEsJmnvaA==":"pexels-photo-668137-720x480.jpg","vP2gmEHd1g8OzqOtD2ZbBg==":"money-back-guarantee-820x803.jpg","00CnxMfwrTAbmcP2cDlgLg==":"guarantee-301x250.png","aKB0RxPu6FAJj9sPNrxHYA==":"douglas-pic-400x400.jpg","AI62z1LvgwsHPJCdos4TBw==":"pexels-photo-668137-510x340.jpg","qiitG84/v3+yU82kA4NbZQ==":"mit-logo-240x158.jpg","uJwzhvat5ddsakuywImIOQ==":"896bbb25-cf7e-4f80-8ac1-477199c305ef-0a7d5b6c30e9-200x100.png","uIZX+XDgF6DEeUPQ1Y6rCg==":"3ca455dc-4c90-4097-9203-d647e3e70771-9d3ece650b89-200x101.png","jveRNFj5wHgH5hWKE5/AQA==":"4d254841-5cc9-4174-a28d-5b4f823c0122-51c34231df61-200x101.png","Wc9NoOJwdjAQBxgJt3u4GQ==":"godon-logo-512x284.png","B8iZIn1jb54XAeZeVsZmrw==":"giphy.webp","vZ3BFoCkzxWrtGCPTomIcw==":"forestwatch-demo%20-%20copy.gif","Btm8W+KuIoKJy+5Ff+i54Q==":"forestwatch-demo.gif","Lhze3XvQtl6LS9DbxBbwvA==":"download-1-230x219.jpg","ba5blb2lQ5/AiIoTAzx56A==":"trends_earth_logo_bl-1200-491x115.png","Ka3xFchRClffAAO4Tn7C4w==":"ldmp_animation.gif","TyOi03+DOsiDBgcDzX0Ycg==":"ezgif.com-gif-maker.gif","E1TgYuVDx9q+u9gP0GCQHw==":"ezgif.com-gif-maker%20(1).gif","pdbefTFEl+WFuRxaejtIMw==":"ezgif.com-gif-maker%20(3).gif","1f5S1TaaRGw8BgZYv8UP6g==":"ezgif.com-gif-maker%20(4).gif","WOHzb0aAC2b0GqsuTY0hRg==":"ezgif.com-gif-maker%20(5).gif","/R2w2bbZW54CDEnJRi8ESw==":"ezgif.com-gif-maker%20(6).gif","FgthIHWI4uBYlHskz8e5kg==":"ldmp_animation-1.gif","QBSkf1bMQPq3PXLeFryKKA==":"200.webp","/+zIWPVeJeQFDAm49lGhjw==":"giphy.webp","HvUIHBT3jzbqS2O/rbTVjA==":"giphy%20(1).gif","HwhgL9zZUvs3t/6qmHlMOg==":"map-750x500.jpg","6/FfmnunFEuyesCPl/G2Fg==":"dsw-logo-300x150.png","DCxRxNp1PlAUOZXBfeoG7A==":"godan-400x191.jpg","0zqRFvBPKph+zlsIGnyEIA==":"geoappsmith-logo-1-150x150.jpg","7vw8LH2xOE6w0MerueyYZQ==":"background4-1.jpg","bFLQ/5YzCF0wIpkJxznTcA==":"geoappsmith-logo-122x122.jpg","QIUKBL+c6j5sVKL/ONPEUA==":"giphy-1.webp","9qg5C0LrfkHmy9oylszubA==":"mbr-744x526.jpg","GTWqA9swycjHss+yGoDxBQ==":"mbr-700x394.jpg","XdEMQleaG1wR9SSp8u7lbQ==":"mbr-969x646.jpg","dDjbFPTsVbdhzDWyQ42tig==":"mbr-1194x762.jpg","FQ+1Zz/AxbEs0GvLbpHa8w==":"mbr-1247x831.jpg","9JuAjXjch7I0zEI32pOEsg==":"mbr-1125x675.jpg","0q+pesMa++a482NxvmzQ9A==":"praga1-676x338.jpg","69LEjYpb9EQUka/vIw9pNA==":"firecast1-676x338.jpg","C0CC4b3OyDq+hrdd2QTrGA==":"soulco1-676x338.jpg","Az6ls8BYDOkrjplg1fvoiQ==":"geo%20ldn-676x338.jpg","aL9DNeMlvt1ETv+Gff//Gg==":"geo_ldn_logo-404x152.jpg","ln9GcWdNsxmnZb4WyrCU1g==":"godon-logo-800x300.jpg","rgtUIviXYykdS6rA9PHYyg==":"trends_earth_logo_bl-1200-800x300.jpg","VaklPPxxiN+4nZspYr3vHA==":"conservation-international-vector-logo-800x300.jpg","W7FWf3Id4mrFJZagHDRlSw==":"soulco-logo2-404x152.jpg","jfyxqLLYLWioORCIdXJbDQ==":"dsw-youths-676x338.jpg","k42VdLP84Ugsm41lLXfF+Q==":"open%20learning%20foundation-800x300.jpg","sqmI6EvZV74AdjG1UjBHgA==":"linux%20foundation-800x300.jpg","PJpcDmjRz37xXDo7CJSETg==":"whatsapp%20image%202021-12-11%20at%2021.11.57-510x680.jpg","/PJ388apXw+TtMKLKvRyYA==":"whatsapp%20image%202021-12-11%20at%2021.11.57-510x539.jpg","DRkWQfPcoK6Djp/kADqi4Q==":"whatsapp%20image%202021-12-11%20at%2021.11.57-510x499.jpg","Koh557oxFWNL6zSZCCYgGg==":"whatsapp%20image%202021-12-11%20at%2021.11.57-510x383.jpg","GSnMp3+kRFa7N8dZLlEpsg==":"whatsapp%20image%202021-12-11%20at%2021.11.57-510x444.jpg","v4yLYHwGq4QBIgMfGM6PIg==":"whatsapp%20image%202021-12-11%20at%2021.11.57-510x423.jpg","jV0DitXv3OtMJaIz7W028Q==":"whatsapp%20image%202021-12-11%20at%2021.11.57-510x404.jpg","YCa/Psv3Y8g+XpIKjjDwJQ==":"whatsapp%20image%202021-12-11%20at%2021.11.57-510x394.jpg","jUwtRXda/LEaSKqeGFZ6Jg==":"iucn-praga-logo-222x73.png"}